{"cameraMode":{"drawMode":0,"name":"Shaded","section":"Shading Mode"},"sceneLighting":true,"audioPlay":false,"sceneViewState":{"m_AlwaysRefresh":false,"showFog":true,"showSkybox":true,"showFlares":true,"showImageEffects":true,"showParticleSystems":true,"showVisualEffectGraphs":true,"m_FxEnabled":true},"in2DMode":false,"pivot":{"x":69.15481567382813,"y":15.622111320495606,"z":-110.59111022949219},"rotation":{"x":0.39439213275909426,"y":0.3848396837711334,"z":-0.1866469383239746,"w":0.8133693337440491},"size":0.8660253882408142,"orthographic":false}