{"cameraMode":{"drawMode":0,"name":"Shaded","section":"Shading Mode"},"sceneLighting":true,"audioPlay":false,"sceneViewState":{"m_AlwaysRefresh":false,"showFog":true,"showSkybox":true,"showFlares":true,"showImageEffects":true,"showParticleSystems":true,"showVisualEffectGraphs":true,"m_FxEnabled":true},"in2DMode":false,"pivot":{"x":179.52944946289063,"y":488.66583251953127,"z":-27.77369499206543},"rotation":{"x":0.07941429316997528,"y":-0.0005550378700718284,"z":0.000001141495886258781,"w":0.9968327283859253},"size":124.2821044921875,"orthographic":false}