{"cameraMode":{"drawMode":0,"name":"Shaded","section":"Shading Mode"},"sceneLighting":true,"audioPlay":false,"sceneViewState":{"m_AlwaysRefresh":false,"showFog":true,"showSkybox":true,"showFlares":true,"showImageEffects":true,"showParticleSystems":true,"showVisualEffectGraphs":true,"m_FxEnabled":true},"in2DMode":false,"pivot":{"x":-4.120265007019043,"y":20.927064895629884,"z":67.46428680419922},"rotation":{"x":0.3769116699695587,"y":0.04806898534297943,"z":-0.019638074561953546,"w":0.9248245358467102},"size":1.231369137763977,"orthographic":false}